id,opportunity_name,opportunity_type,target_url,submit_or_contact_url,relevance_to_toy_sellers,why_attainable,honest_pitch_angle,status,owner_action_required,do_not_claim,source_url,research_timestamp_beijing,notes
L01,ToyListings free website listing,vertical_directory,https://www.toylistings.org/,https://www.toylistings.org/listing_website.asp?free=true,high,Human-reviewed toys and games niche directory; free listing path documented; categories include Collectibles Dolls and Action Figures Marketing for Toy and Games Industries,Pikbo: one owned designer-toy photo into short listing and social video drafts for indie sellers; label cached prototypes honestly,requires_owner,Owner contact email + category choice; no submission this task,no verified backlink; no traffic guarantee,https://www.toylistings.org/,2026-07-28 03:46 CST,Cross-check Wave1 row2 docs/growth/BACKLINK_WAVE_1_2026-07-28.md; free listing also referenced from homepage submit CTA
L02,Tenacious Toys Art Toy Manufacturer Directory,vertical_directory,https://tenacioustoys.com/pages/art-toy-designer-toy-directory,https://tenacioustoys.com/pages/art-toy-designer-toy-directory,high,Page explicitly invites SUBMIT YOUR LINK for manufacturers shops and related sites and states backlink purpose; art-toy ICP match,Position as seller launch media helper for independent art-toy makers not mass-market toy retail,requires_owner,Owner-approved description + whether software tools are in-scope for their directory,no partnership with Tenacious Toys,https://tenacioustoys.com/pages/art-toy-designer-toy-directory,2026-07-28 03:46 CST,Directory definition focuses on artists manufacturers shops; eligibility for SaaS tools must be confirmed before submit
L03,Product Hunt maker launch,launch_community,https://www.producthunt.com/,https://www.producthunt.com/launch,medium,Official launch guide: free personal-account launch; global early-adopter audience; not a substitute for product readiness,Launch only when Create path is honestly usable; tagline: owned toy photo to seller launch clips not multi-model AI suite,requires_owner,Owner personal maker identity login; company accounts prohibited; wait until product broadly usable,no PH ranking or featured claim; no fake upvotes,https://www.producthunt.com/launch,2026-07-28 03:46 CST,PH FAQ: company accounts prohibited; best day is when prepared; Wave1 also blocked on identity
L04,BetaList early startup listing,launch_directory,https://betalist.com/,https://betalist.com/submissions/new,medium,Public early-stage startup directory with submit path listed in free-directory indexes; browse categories include AI Tools and E-Commerce,Short honest beta blurb: designer-toy photo to listing video draft; no unlimited gen claim,requires_owner,Owner account + accurate stage (soft/private beta) description,no monthly visit invent from third-party lists,https://betalist.com/,2026-07-28 03:46 CST,Submit URL also catalogued at https://github.com/submitaitools/Free-AI-Directories ; verify form requirements at submit time
L05,AI Directory by New Horizon Code,ai_directory,https://www.ai-directory.io/,https://www.ai-directory.io/submit,low_to_medium,Official multi-step submit form open without account for tool listing; Wave1 already has draft through steps 1-3,List as designer-toy video workspace for sellers with cached prototype honesty,requires_owner,Owner logo upload + final send approval; review before live,no published listing yet; submission not equal verified backlink,https://www.ai-directory.io/submit,2026-07-28 03:46 CST,Wave1 status requires_owner for logo step; do not auto-submit
L06,r/vinyltoys community discussion (non-spam),community_forum,https://www.reddit.com/r/vinyltoys/,https://www.reddit.com/r/vinyltoys/,high,Active designer/art toy subreddit; makers already ask where/how to sell and promote; organic answers beat directory spam,Only post if sharing real owned-SKU process or asking feedback; disclose affiliation; no link-drop spam,requires_owner,Owner Reddit account + real demo assets and time for genuine participation,no guaranteed upvotes or backlinks; many posts may be nofollow,https://www.reddit.com/r/vinyltoys/comments/v5dtza/wheres_best_to_sell_your_own_designer_toys/,2026-07-28 03:46 CST,Seller intent evidence: Etsy fees own site IG TikTok toy blogs process content
L07,r/Designertoys or related designer toy subs,community_forum,https://www.reddit.com/r/Designertoys/,https://www.reddit.com/r/Designertoys/,medium,Collecting/creating designer toy discussion adjacent to ICP,Same non-spam rules as vinyltoys; value first,requires_owner,Owner judgment on subreddit rules before any post,no automated posts,https://www.reddit.com/r/Designertoys/,2026-07-28 03:46 CST,Use for listening and relationship; link only when invited or highly relevant
L08,Etsy Seller Handbook / Help (citation and education not a backlink ask),marketplace_education,https://www.etsy.com/seller-handbook/article/821069530001,https://help.etsy.com/hc/en-us/articles/360053206073-How-to-Add-Listing-Videos,high,Official seller job specs: listing videos 3-15s silent up to 2 per listing Toys and Games show-in-use guidance; Pikbo content should cite and match formats,Build honest guides that reference Etsy rules and point to Create; do not imply Etsy partnership,n_a_citation_only,No directory submit; use as source of truth for product/export constraints,no Etsy endorsement or SEO boost claim,https://www.etsy.com/seller-handbook/article/821069530001,2026-07-28 03:45 CST,Backlink opportunity is weak; strategic alignment opportunity is strong
L09,Indie Toy Makers Unite / Comic-Con style maker conversations,event_media,https://www.youtube.com/watch?v=IG9cyUAOzvo,https://www.youtube.com/watch?v=IG9cyUAOzvo,medium,Documented indie toy maker panel content; shows channel where makers discuss release strategies,Future guest/tool demo only after real seller proofs; not a cold spam pitch,requires_owner,Owner relationship outreach when product has verified examples,no existing partnership,https://www.youtube.com/watch?v=IG9cyUAOzvo,2026-07-28 03:46 CST,Also related IG series Indie Toy Makers Unite (search); treat as long-cycle PR not quick link
L10,Make: / Instructables maker process ecosystem,maker_media,https://makezine.com/article/maker-news/designing-a-vinyl-toy-with-joe-ledbetter/,https://www.instructables.com/How-to-manufacture-your-own-designer-toy-or-start-/,medium,Maker content already covers designing/manufacturing designer toys; adjacent audience for launch media tools,Pitch process companion: after you photograph your piece make a short listing clip from that photo,requires_owner,Owner editorial pitch with real photos; respect each site contribution rules,no guaranteed feature,https://makezine.com/article/maker-news/designing-a-vinyl-toy-with-joe-ledbetter/,2026-07-28 03:46 CST,Long-cycle; only after showcase evidence exists
L11,HobbyDB collectibles database subject,vertical_community,https://www.hobbydb.com/,https://www.hobbydb.com/marketplaces/hobbydb/subjects/new,medium,Collectibles database/community; Wave1 found new-subject flow requires sign-in,Only if eligible as a public subject and community accepts software tools,requires_owner,Owner account + eligibility confirmation,no listing attempted under borrowed identity,https://www.hobbydb.com/,2026-07-28 03:46 CST,See Wave1 row7; stop at auth
L12,Indie Makers Hub,startup_directory,https://indiemakershub.com/,https://indiemakershub.com/submit/,low_to_medium,Public submit route via Google Form; Wave1 blocked at Google auth,Honest indie maker tool listing for toy sellers,requires_owner,Owner Google identity,no fake accounts,https://indiemakershub.com/submit/,2026-07-28 03:46 CST,Wave1 requires_owner
L13,SupaHunt free submit,startup_directory,https://supahunt.com/,https://supahunt.com/submit,low,Free submit flow opens but final send requires login per Wave1; apex host revalidated HTTP 200 (www TLS flaky in this environment),Same honest beta copy as other launch directories,requires_owner,Owner login,no bulk automation,https://supahunt.com/submit,2026-07-28 03:46 CST,Wave1 requires_owner
L14,Startup Directory submit,startup_directory,https://startupdirectory.net/,https://startupdirectory.net/submit,low,Official submit redirects to login,Honest short description only,requires_owner,Owner account/email verification,no secrets in forms,https://startupdirectory.net/submit,2026-07-28 03:46 CST,Wave1 requires_owner
L15,Futurepedia tool submit (selective),ai_directory,https://www.futurepedia.io,https://www.futurepedia.io/submit-tool,low,Listed among major AI directories in public free-directory catalogs; high generic competition,Only if product can be described as specialized toy seller tool without overclaim; low ICP relevance,deferred,Owner decision after Live readiness; prefer vertical links first,no invented DR/traffic from third-party tables,https://github.com/submitaitools/Free-AI-Directories,2026-07-28 03:46 CST,Third-party DA/visit numbers on GitHub list are NOT re-verified; treat as untrusted for claims
L16,Future Tools submit (selective),ai_directory,https://futuretools.io,https://futuretools.io/submit-a-tool,low,Canonical submit page title Future Tools - Submit a Tool; generic AI discovery (not toy-vertical),Same as L15; secondary after vertical opportunities,deferred,Owner; avoid spam waves; re-check free vs paid terms at submit time,no ranking claim,https://futuretools.io/submit-a-tool,2026-07-28 03:46 CST,Historical growth runs sometimes marked paid_only; verify pricing before any owner submit
L17,AlternativeTo software listing,software_directory,https://alternativeto.net,https://alternativeto.net/manage-item,low_to_medium,User-driven alternatives catalog; could position under product video / image-to-video alternatives with toy niche tags,List alternatives carefully; compare to generic I2V tools without claiming superiority metrics,requires_owner,Owner account + accurate category tags,no fake reviews,https://alternativeto.net/manage-item,2026-07-28 03:46 CST,Catalogued via Free-AI-Directories; verify current form at time of use
L18,CapCut template ecosystem (inspiration not outbound link farm),competitor_workflow,https://www.capcut.com/explore/blind-box-unboxing,https://www.capcut.com/create/etsy-video,high_intent_low_link,Dominates blind-box and Etsy template SERP; shows filmed-template job; not a submit-for-backlink target,Use as competitor gap evidence: templates need footage; Pikbo targets one-photo sellers; do not scrape or spam CapCut,n_a_research_only,No submission path for Pikbo product link,no partnership,https://www.capcut.com/explore/blind-box-unboxing,2026-07-28 03:46 CST,Opportunity is product differentiation not a backlink row
L19,Leonardo Product Spin (differentiation citation),competitor_workflow,https://leonardo.ai/ai-video-generator,https://leonardo.ai/ai-video-generator,medium_intent_low_link,Public product spin blueprint proves generic product-spin SERP exists without toy vertical packaging,Differentiate Collector 360 as toy-seller recipe not general blueprint,n_a_research_only,No link request,no competitor partnership,https://leonardo.ai/ai-video-generator,2026-07-28 03:45 CST,Use in content comparisons only with honest labels
L20,Creatify Product Video (differentiation citation),competitor_workflow,https://creatify.ai/features/product-video,https://creatify.ai/features/product-video,medium_intent_low_link,Owns one-image product ad narrative for e-comm teams,Contrast: Pikbo is not batch performance ad factory; it is toy SKU fidelity for indie sellers,n_a_research_only,No link request,no performance metrics borrowed from Creatify site,https://creatify.ai/features/product-video,2026-07-28 03:45 CST,Do not reuse Creatify G2/case claims
L21,ShotBG toy photography guide ecosystem,informational_content,https://shotbg.com/resources/toy-collectibles-product-photography-complete-guide-2026,https://shotbg.com/resources/toy-collectibles-product-photography-complete-guide-2026,medium,Strong 2026 collectibles photography guide; audiences care about scale paint packaging honesty,Possible future reciprocal/editorial only if Pikbo photography guide adds unique AI-video preflight value with sources,deferred,Owner editorial decision after unique content exists,no invented conversion stats from their guide,https://shotbg.com/resources/toy-collectibles-product-photography-complete-guide-2026,2026-07-28 03:46 CST,Their market size claims are theirs not Pikbo claims
L22,Toy Chronicle / indie toy blogs (named in community advice),toy_blog_outreach,https://www.reddit.com/r/vinyltoys/comments/v5dtza/wheres_best_to_sell_your_own_designer_toys/,n/a_research_first,high,Community advice explicitly: send pics and release info to toy blogs like The Toy Chronicle; process content builds followers,Only pitch with authorized real SKU photos and process story; tool mention secondary,requires_owner,Owner finds current blog contact after real product proof; verify site still active before outreach,no existing press coverage claimed,https://www.reddit.com/r/vinyltoys/comments/v5dtza/wheres_best_to_sell_your_own_designer_toys/,2026-07-28 03:46 CST,Do not invent blog URLs or partnerships; re-verify each target at outreach time
L23,GitHub Free-AI-Directories (meta list only),meta_index,https://github.com/submitaitools/Free-AI-Directories,https://github.com/submitaitools/Free-AI-Directories,low,Useful map of submit URLs; NOT itself a quality backlink strategy,Use as checklist; prioritize vertical rows L01-L03 over bulk AI dirs,n_a_research_only,Do not bulk-submit from this list without owner GO per target,do not trust listed DA or monthly visits without re-measure,https://github.com/submitaitools/Free-AI-Directories,2026-07-28 03:46 CST,Third-party metrics unverified in this session
L24,Digital Photography School toy photography,informational_content,https://digital-photography-school.com/getting-started-in-toy-photography/,https://digital-photography-school.com/getting-started-in-toy-photography/,low_to_medium,Established hobbyist toy photography article; adjacent informational SERP,Citation for input quality content; outreach only with unique angle,deferred,Owner editorial,no guest post guarantee,https://digital-photography-school.com/getting-started-in-toy-photography/,2026-07-28 03:45 CST,Hobby storytelling vs e-comm listing jobs differ
L25,Higgsfield public surface (positioning foil not link target),competitor_positioning,https://higgsfield.ai/,https://higgsfield.ai/,high_for_positioning,Defines what Pikbo must not become on SERP: multi-model horizontal suite with viral presets including ACTION FIGURE,Use only as competitive foil in internal strategy and honest marketing; do not request reciprocal links or clone surface,n_a_research_only,No outreach,no HF partnership or parity claim beyond public surface observation,https://higgsfield.ai/,2026-07-28 03:46 CST,Viral presets include ACTION FIGURE ORBIT 360 FLOAT SPIN as generic effects
